PubmedID,Title,Publication Date,Non-academic Author(s),Company Affiliation(s),Corresponding Author Email
PMID00001,Sample Research Paper 1,2024-03-02,"Author 1, Author 2",Biotech Corp 1,author1@example.com
PMID00002,Sample Research Paper 2,2024-03-03,"Author 2, Author 3",Biotech Corp 2,author2@example.com
PMID00003,Sample Research Paper 3,2024-03-04,"Author 3, Author 4",Biotech Corp 3,author3@example.com
PMID00004,Sample Research Paper 4,2024-03-05,"Author 4, Author 5",Biotech Corp 4,author4@example.com
PMID00005,Sample Research Paper 5,2024-03-06,"Author 5, Author 6",Biotech Corp 5,author5@example.com
PMID00006,Sample Research Paper 6,2024-03-07,"Author 6, Author 7",Biotech Corp 6,author6@example.com
PMID00007,Sample Research Paper 7,2024-03-08,"Author 7, Author 8",Biotech Corp 7,author7@example.com
PMID00008,Sample Research Paper 8,2024-03-09,"Author 8, Author 9",Biotech Corp 8,author8@example.com
PMID00009,Sample Research Paper 9,2024-03-10,"Author 9, Author 10",Biotech Corp 9,author9@example.com
PMID00010,Sample Research Paper 10,2024-03-11,"Author 10, Author 11",Biotech Corp 10,author10@example.com
PMID00011,Sample Research Paper 11,2024-03-12,"Author 11, Author 12",Biotech Corp 11,author11@example.com
PMID00012,Sample Research Paper 12,2024-03-13,"Author 12, Author 13",Biotech Corp 12,author12@example.com
PMID00013,Sample Research Paper 13,2024-03-14,"Author 13, Author 14",Biotech Corp 13,author13@example.com
PMID00014,Sample Research Paper 14,2024-03-15,"Author 14, Author 15",Biotech Corp 14,author14@example.com
PMID00015,Sample Research Paper 15,2024-03-16,"Author 15, Author 16",Biotech Corp 15,author15@example.com
PMID00016,Sample Research Paper 16,2024-03-17,"Author 16, Author 17",Biotech Corp 16,author16@example.com
PMID00017,Sample Research Paper 17,2024-03-18,"Author 17, Author 18",Biotech Corp 17,author17@example.com
PMID00018,Sample Research Paper 18,2024-03-19,"Author 18, Author 19",Biotech Corp 18,author18@example.com
PMID00019,Sample Research Paper 19,2024-03-20,"Author 19, Author 20",Biotech Corp 19,author19@example.com
PMID00020,Sample Research Paper 20,2024-03-21,"Author 20, Author 21",Biotech Corp 20,author20@example.com
PMID00021,Sample Research Paper 21,2024-03-22,"Author 21, Author 22",Biotech Corp 21,author21@example.com
PMID00022,Sample Research Paper 22,2024-03-23,"Author 22, Author 23",Biotech Corp 22,author22@example.com
PMID00023,Sample Research Paper 23,2024-03-24,"Author 23, Author 24",Biotech Corp 23,author23@example.com
PMID00024,Sample Research Paper 24,2024-03-25,"Author 24, Author 25",Biotech Corp 24,author24@example.com
PMID00025,Sample Research Paper 25,2024-03-26,"Author 25, Author 26",Biotech Corp 25,author25@example.com
PMID00026,Sample Research Paper 26,2024-03-27,"Author 26, Author 27",Biotech Corp 26,author26@example.com
PMID00027,Sample Research Paper 27,2024-03-28,"Author 27, Author 28",Biotech Corp 27,author27@example.com
PMID00028,Sample Research Paper 28,2024-03-01,"Author 28, Author 29",Biotech Corp 28,author28@example.com
PMID00029,Sample Research Paper 29,2024-03-02,"Author 29, Author 30",Biotech Corp 29,author29@example.com
PMID00030,Sample Research Paper 30,2024-03-03,"Author 30, Author 31",Biotech Corp 30,author30@example.com
PMID00031,Sample Research Paper 31,2024-03-04,"Author 31, Author 32",Biotech Corp 31,author31@example.com
PMID00032,Sample Research Paper 32,2024-03-05,"Author 32, Author 33",Biotech Corp 32,author32@example.com
PMID00033,Sample Research Paper 33,2024-03-06,"Author 33, Author 34",Biotech Corp 33,author33@example.com
PMID00034,Sample Research Paper 34,2024-03-07,"Author 34, Author 35",Biotech Corp 34,author34@example.com
PMID00035,Sample Research Paper 35,2024-03-08,"Author 35, Author 36",Biotech Corp 35,author35@example.com
PMID00036,Sample Research Paper 36,2024-03-09,"Author 36, Author 37",Biotech Corp 36,author36@example.com
PMID00037,Sample Research Paper 37,2024-03-10,"Author 37, Author 38",Biotech Corp 37,author37@example.com
PMID00038,Sample Research Paper 38,2024-03-11,"Author 38, Author 39",Biotech Corp 38,author38@example.com
PMID00039,Sample Research Paper 39,2024-03-12,"Author 39, Author 40",Biotech Corp 39,author39@example.com
PMID00040,Sample Research Paper 40,2024-03-13,"Author 40, Author 41",Biotech Corp 40,author40@example.com
PMID00041,Sample Research Paper 41,2024-03-14,"Author 41, Author 42",Biotech Corp 41,author41@example.com
PMID00042,Sample Research Paper 42,2024-03-15,"Author 42, Author 43",Biotech Corp 42,author42@example.com
PMID00043,Sample Research Paper 43,2024-03-16,"Author 43, Author 44",Biotech Corp 43,author43@example.com
PMID00044,Sample Research Paper 44,2024-03-17,"Author 44, Author 45",Biotech Corp 44,author44@example.com
PMID00045,Sample Research Paper 45,2024-03-18,"Author 45, Author 46",Biotech Corp 45,author45@example.com
PMID00046,Sample Research Paper 46,2024-03-19,"Author 46, Author 47",Biotech Corp 46,author46@example.com
PMID00047,Sample Research Paper 47,2024-03-20,"Author 47, Author 48",Biotech Corp 47,author47@example.com
PMID00048,Sample Research Paper 48,2024-03-21,"Author 48, Author 49",Biotech Corp 48,author48@example.com
PMID00049,Sample Research Paper 49,2024-03-22,"Author 49, Author 50",Biotech Corp 49,author49@example.com
PMID00050,Sample Research Paper 50,2024-03-23,"Author 50, Author 51",Biotech Corp 50,author50@example.com
PMID00051,Sample Research Paper 51,2024-03-24,"Author 51, Author 52",Biotech Corp 51,author51@example.com
PMID00052,Sample Research Paper 52,2024-03-25,"Author 52, Author 53",Biotech Corp 52,author52@example.com
PMID00053,Sample Research Paper 53,2024-03-26,"Author 53, Author 54",Biotech Corp 53,author53@example.com
PMID00054,Sample Research Paper 54,2024-03-27,"Author 54, Author 55",Biotech Corp 54,author54@example.com
PMID00055,Sample Research Paper 55,2024-03-28,"Author 55, Author 56",Biotech Corp 55,author55@example.com
PMID00056,Sample Research Paper 56,2024-03-01,"Author 56, Author 57",Biotech Corp 56,author56@example.com
PMID00057,Sample Research Paper 57,2024-03-02,"Author 57, Author 58",Biotech Corp 57,author57@example.com
PMID00058,Sample Research Paper 58,2024-03-03,"Author 58, Author 59",Biotech Corp 58,author58@example.com
PMID00059,Sample Research Paper 59,2024-03-04,"Author 59, Author 60",Biotech Corp 59,author59@example.com
PMID00060,Sample Research Paper 60,2024-03-05,"Author 60, Author 61",Biotech Corp 60,author60@example.com
PMID00061,Sample Research Paper 61,2024-03-06,"Author 61, Author 62",Biotech Corp 61,author61@example.com
PMID00062,Sample Research Paper 62,2024-03-07,"Author 62, Author 63",Biotech Corp 62,author62@example.com
PMID00063,Sample Research Paper 63,2024-03-08,"Author 63, Author 64",Biotech Corp 63,author63@example.com
PMID00064,Sample Research Paper 64,2024-03-09,"Author 64, Author 65",Biotech Corp 64,author64@example.com
PMID00065,Sample Research Paper 65,2024-03-10,"Author 65, Author 66",Biotech Corp 65,author65@example.com
PMID00066,Sample Research Paper 66,2024-03-11,"Author 66, Author 67",Biotech Corp 66,author66@example.com
PMID00067,Sample Research Paper 67,2024-03-12,"Author 67, Author 68",Biotech Corp 67,author67@example.com
PMID00068,Sample Research Paper 68,2024-03-13,"Author 68, Author 69",Biotech Corp 68,author68@example.com
PMID00069,Sample Research Paper 69,2024-03-14,"Author 69, Author 70",Biotech Corp 69,author69@example.com
PMID00070,Sample Research Paper 70,2024-03-15,"Author 70, Author 71",Biotech Corp 70,author70@example.com
PMID00071,Sample Research Paper 71,2024-03-16,"Author 71, Author 72",Biotech Corp 71,author71@example.com
PMID00072,Sample Research Paper 72,2024-03-17,"Author 72, Author 73",Biotech Corp 72,author72@example.com
PMID00073,Sample Research Paper 73,2024-03-18,"Author 73, Author 74",Biotech Corp 73,author73@example.com
PMID00074,Sample Research Paper 74,2024-03-19,"Author 74, Author 75",Biotech Corp 74,author74@example.com
PMID00075,Sample Research Paper 75,2024-03-20,"Author 75, Author 76",Biotech Corp 75,author75@example.com
PMID00076,Sample Research Paper 76,2024-03-21,"Author 76, Author 77",Biotech Corp 76,author76@example.com
PMID00077,Sample Research Paper 77,2024-03-22,"Author 77, Author 78",Biotech Corp 77,author77@example.com
PMID00078,Sample Research Paper 78,2024-03-23,"Author 78, Author 79",Biotech Corp 78,author78@example.com
PMID00079,Sample Research Paper 79,2024-03-24,"Author 79, Author 80",Biotech Corp 79,author79@example.com
PMID00080,Sample Research Paper 80,2024-03-25,"Author 80, Author 81",Biotech Corp 80,author80@example.com
PMID00081,Sample Research Paper 81,2024-03-26,"Author 81, Author 82",Biotech Corp 81,author81@example.com
PMID00082,Sample Research Paper 82,2024-03-27,"Author 82, Author 83",Biotech Corp 82,author82@example.com
PMID00083,Sample Research Paper 83,2024-03-28,"Author 83, Author 84",Biotech Corp 83,author83@example.com
PMID00084,Sample Research Paper 84,2024-03-01,"Author 84, Author 85",Biotech Corp 84,author84@example.com
PMID00085,Sample Research Paper 85,2024-03-02,"Author 85, Author 86",Biotech Corp 85,author85@example.com
PMID00086,Sample Research Paper 86,2024-03-03,"Author 86, Author 87",Biotech Corp 86,author86@example.com
PMID00087,Sample Research Paper 87,2024-03-04,"Author 87, Author 88",Biotech Corp 87,author87@example.com
PMID00088,Sample Research Paper 88,2024-03-05,"Author 88, Author 89",Biotech Corp 88,author88@example.com
PMID00089,Sample Research Paper 89,2024-03-06,"Author 89, Author 90",Biotech Corp 89,author89@example.com
PMID00090,Sample Research Paper 90,2024-03-07,"Author 90, Author 91",Biotech Corp 90,author90@example.com
PMID00091,Sample Research Paper 91,2024-03-08,"Author 91, Author 92",Biotech Corp 91,author91@example.com
PMID00092,Sample Research Paper 92,2024-03-09,"Author 92, Author 93",Biotech Corp 92,author92@example.com
PMID00093,Sample Research Paper 93,2024-03-10,"Author 93, Author 94",Biotech Corp 93,author93@example.com
PMID00094,Sample Research Paper 94,2024-03-11,"Author 94, Author 95",Biotech Corp 94,author94@example.com
PMID00095,Sample Research Paper 95,2024-03-12,"Author 95, Author 96",Biotech Corp 95,author95@example.com
PMID00096,Sample Research Paper 96,2024-03-13,"Author 96, Author 97",Biotech Corp 96,author96@example.com
PMID00097,Sample Research Paper 97,2024-03-14,"Author 97, Author 98",Biotech Corp 97,author97@example.com
PMID00098,Sample Research Paper 98,2024-03-15,"Author 98, Author 99",Biotech Corp 98,author98@example.com
PMID00099,Sample Research Paper 99,2024-03-16,"Author 99, Author 100",Biotech Corp 99,author99@example.com
PMID00100,Sample Research Paper 100,2024-03-17,"Author 100, Author 101",Biotech Corp 100,author100@example.com
